总和,1059
A-SOUL讨论楼,259
S1鹅宇宙（部分）：为你揭露加鹅扣鹅背后的爱恨情仇,216
壁纸战,152
冲水,57
NGA开源版客户端,25
昨日S1热点帖子汇总/S1补帖指南,23
整点有意思的V区小统计（新增用户专楼发言关系图,20
static.saraba1st.com；其安全证书已在昨天过期。,17
东莞长安镇上的赛博朋克,17
拨乱反正，追本溯源：S1娘大选“舞弊”观察,16
[喜报]【新增96格式缩放版】S1第三方麻将脸QQ表情包上线了！,14
大学生一定要保护好自己,13
才淹死了三个华裔，说难听点够干啥的,13
美团杀人外卖员：离婚后自杀未遂，儿子江中溺亡,12
一个在德国的留学生在国外被骗了，在网上找国内警察报案,11
新时代的??军人正在进步,9
【已更新为3帧】QQ麻将脸防压图表情包转为GIF格式,8
核电从业者在知乎称日本废水不会影响我国被NGA网友举报,8
收到一封邮件，感觉过去再次抓住了我，怎么处理,8
S1巨魔标记器,7
笑爆了，知乎人均无常识,6
B综,5
后浪2.0来了,5
那些深夜预告自杀的年轻人,5
冲水了,4
泥潭沈逸哥哥挣死人钱翻车了？,4
日本大地震中的性?暴?力,4
卧底05后疼痛文学群，我看傻了,4
原来女人也会toupai小视频,4
关于鹅评价机制的改革,3
买个平板用来自学东西做笔记真的方便吗,3
日式电车难题,3
三号机松代事件：一场针对碇司令的黑公关狂欢,3
新生代JOJO粉也有点小英雄内味儿了啊，战斗力好强,3
12,2
（zt）VTuber：震荡中的主播与偶像们,2
“的得地”,2
《战争中没有女性》23话生肉，近卫军下士塔玛拉,2
【V13】虚拟YouTuber(vtuber)综合讨论楼[请移步V14],2
21.04『装甲重拳/NOMADMegaloBox2』专楼04.06放送,2
FAKENEWS:游戏没有版号不能直播文旅部综合执法局下达新规定,2
城市的各个区应该差异化发展-由摊贩经济说开去,2
额。。话说Vtuber这玩意儿到底有什么不好的。。。,2
法理层面来讲，民间汉化组对翻译作品是否享有著作权？,2
翻译一篇PCMR社区的文章：《我们为什么选择PC？》,2
谷歌创始人佩奇圣诞前豪捐4亿美元没1分给慈善事业,2
韩国广大被征兵男青年的精神支柱——女团,2
沦陷的豆瓣：粉圈正在“攻占一切”,2
欧金金这个帖子，我手机随便看图，电脑就看不了,2
彭博社因发假新闻被法国罚款500,2
生日快乐！,2
是谁撑起了S1民俗学的一片天？【已开源】,2
她们，决定离开互联网公司,2
为啥油管的界面如此垃圾？不会抄b站吗？,2
印尼留学生强奸190余名男性成英国史上最大强奸案,2
有人了解心医林霖吗？,2
由西安地铁事件想到的:谁见过公共场合情绪突然失控,2
[已解决]还有啥看到被屏蔽的帖子的方法吗？找一张图,1
[长文]杨振宁的最后一战：阻止中国为超大对撞机买单,1
[知乎长文]深陷泥潭的农村教育,1
[周常]没品+4chan笑话集/20191229,1
《黑神话》定价199的话真的难以回本吗？,1
「」这种括号为什么在知乎很常见但是感觉日常生活/其他社交网络用的不多？,1
【还剩一周】S1第三方麻将脸QQ表情更新了，五选一痛投！,1
【年经】EVA字体有简体替代版吗,1
2021年了，业内“手游”人士还是只会看衰中国单机...,1
Asoul粉言论鉴赏大乱斗专楼(规则更新),1
bilibili2019年度流行梗大赏,1
chrome部分网页图标显示方块咋办【已解决】,1
edge有没有收藏夹无效链接检查插件,1
ehviewer看不了评论了？,1
E變態換手機的疑問...,1
ff14在国内能算是年轻人里口碑最高的网游之一吗？,1
Reeder5上架了,1
S1black油猴脚本如何彻底屏蔽一个用户,1
WB知名女拳博主用春蕾事件做手机壳贩卖,1
被MIUI的系统广告整破防了，求推荐没系统广告的品牌,1
车迷自述：那些年我刷过的车站、路线和大好河山,1
第一次超级信徒大战,1
电梯为什么不设计的对社恐友好一点？？？,1
感觉很多台湾词汇进入日常生活了,1
姑且问一下，阿B有没有自动播放某一up主的插件的？,1
谷歌一职工因发送劳工权益相关弹窗危害公司安全被解雇,1
关于v2ex这个网站,1
官方通报交通执法人员收黑钱#涉事人员系普通职工已停职,1
哈利波特守护神测试,1
加拿大鹅、Moncler、波司登，羽绒服收割90后,1
经过训练的大狗野化能不能吊打一切顶级掠食者,1
明明删减没有破坏核心内容价值，为什么网民还会怒喷？,1
年底手机求推荐,1
年轻阿宅是不是越来越不愿意和日本创作者妥协了,1
埼玉县一个25岁的无职把小他一岁的妹妹和妹妹的孩子杀了,1
让人惊艳的“智商税”经济学模型,1
身边统计学:小城市的快餐店更容易成为儿童乐园,1
神论:中式爆炒不行是因为不用黄油,1
守望先锋联赛mvp宣布转型valorant,1
为什么0202年了，Win在显示上的优化还是很一般？,1
为什么单机玩家和手游玩家对待泄露的态度截然不同？,1
我该接受身高只有160-165,1
我现在觉得，冲米哈游的人，是真的有组织有预谋,1
我有一个问题如果我在微博说女权里的傻逼是真的傻逼,1
乌合麒麟不道歉了，点草天降正义,1
薪资没那么高，延毕率超60%，现代人读博都图什么？,1
杏奴观察所,1
亚裔（疑似华裔）在NYC地铁（疑似）被尼哥活活打死,1
姚班(微胖)大佬征婚2.0:被喷普信男,1
遥远的平等|2019年性别新闻盘点,1
已解决,1
西安地铁这水平也是够差了,1
